Topic of the webinar,Date,Start Time,End  Time,Duration,Organising Body,Theme,Link of the webinar,Image,Key Take aways / Agenda,Platform,Price (Free/Paid)
Trial Show By Amit Tandon,Apr-09, 9:30PM,10:30 PM,60 min,Paytm Insider, ,https://insider.in/trial-show-by-amit-tandon-apr9-2021/event, , , ,300 onwards
Comicstaan Season 3 - Open mics ,Multiple Dates, , ,60 min,Paytm Insider, ,https://insider.in/comicstaan-season-3-open-mics-2021/event, , , ,99 onwards
"Zoom Comedy by Suno Bey|Wed, Sat & Sunday",Multiple Dates | 9PM & 10PM, , ,60 min,Paytm Insider, ,https://insider.in/zoom-comedy-by-suno-beywed-sat-sunday-mar3-2021/event, , , ,Free
Comicstaan Season 3 Taping,April 7 - April 30 | 2:30PM & 7PM, , ,60 min,Paytm Insider, ,https://insider.in/comicstaan-season-3-taping-mar14-2021/event, , , ,Free
Employee ID 9211 a Stand up Comedy (Read Description),April 9 | 10:30PM - April 10 | 12:00AM, , ,60 min,Paytm Insider, ,https://insider.in/employee-id-9211-a-stand-up-comedy-read-description-apr9-2021/event, , , ,499
How To Create Viral Comedy Content?  : Comedy Workshop on Zoom,April 14 | 9PM, , ,60 min,Paytm Insider, ,https://insider.in/how-to-create-viral-comedy-content-apr14-2021/event, , , ,Free
Sahil Shah A-LIVE,April 11 | 8PM, , ,60 min,Paytm Insider, ,https://insider.in/sahil-shah-alive-apr10-2021/event, , , ,250
Cushion Comedy ,April 8 | 10PM, , ,60 min,Paytm Insider, ,https://insider.in/cushion-comedy--apr8-2021/event, , , ,Free
UK CONNECTION,May 22 | 8PM, , ,60 min,Paytm Insider, ,https://insider.in/uk-connection-may22-2021/event, , , ,76
Bubblewrap - A Solo Standup Show Aditya Gundeti,April 10 | 10PM, , ,60 min,Paytm Insider, ,https://insider.in/bubblewrap-a-solo-standup-show-aditya-gundeti-apr10-2021/event, , , ,250
Roughwork Open Mic,April 9 | 10PM, , ,60 min,Paytm Insider, ,https://insider.in/roughwork-open-mic-apr9-2021/event, , , ,Free
Misteaks : A Standup Comedy Solo Show By Mangu Singh,April 11 | 10PM, , ,60 min,Paytm Insider, ,https://insider.in/misteaks-a-standup-comedy-solo-show-by-mangu-singh-apr11-2021/event, , , ,199
Fundraiser Show,April 9 | 10PM, , ,60 min,Paytm Insider, ,https://insider.in/fundraiser-show-apr9-2021/event, , , ,49
Open Mic Night (Ahemdabad Comedy Store),April 12 | 9PM, , ,60 min,Paytm Insider, ,https://insider.in/ahmedabad-comedy-store-11th-feb-6pm-feb16-2021/event, , , ,Free
Witches of Comedy open mic - 9/04/2021,April 9 | 10PM, , ,60 min,Paytm Insider, ,https://insider.in/witches-of-comedy-open-mic-9042021-apr9-2021/event, , , ,Free
Pandemic Comedy,April 8 | 9PM, , ,60 min,Paytm Insider, ,https://insider.in/pandemic-comedy-apr1-2021/event, , , ,Free
Crowd Funding Show| 16 crores for Baby Khyati | Arre O Deva,Multiple Dates | 2PM & 11PM, , ,60 min,Paytm Insider, ,https://insider.in/crow-funding-show-16-crores-for-baby-khyati-arre-o-deva-mar24-2021/event, , , ,Free
Zoom Open Mics By KC!,April 8 | 10PM - April 29 | 11PM, , ,60 min,Paytm Insider, ,https://insider.in/zoom-open-mics-by-kc-apr8-2021/event, , , ,50 onwards
Employee Id 9211 a Stand Up Comedy (Read the Description) ,April 11 | 8PM, , ,60 min,Paytm Insider, ,https://insider.in/employee-id-9211-a-stand-up-comedy-read-the-description--apr11-2021/event, , , ,499
TSA: BAAT CHEET (A Crowd Work Show),April 12 | 11PM - April 27 | 12AM, , ,60 min,Paytm Insider, ,https://insider.in/tsa-baat-cheet-a-crowd-work-show-apr12-2021/event, , , ,Free
Jokes Karo Bakaiti Nahi FT. Piyush Sharma (Comedy Open Mic),April 8 | 10PM, , ,60 min,Paytm Insider, ,https://insider.in/jokes-karo-bakaiti-nahi-ft-piyush-sharma-comedy-open-mic-apr8-2021/event, , , ,Free
Rajat Chauhan Live Stand Up Comedy,May 22 | 6PM, , ,60 min,Paytm Insider, ,https://insider.in/rajat-chauhan-live-stand-up-comedy-may22-2021/event, , , ,499
DiGi Open Mic-Stand Up Comedy,April 9 | 8:30PM, , ,60 min,Paytm Insider, ,https://insider.in/digi-open-micstand-up-comedy-apr9-2021/event, , , ,0 onwards
Sick and Twisted : A Standup Solo Show By Yashwardhan Choudhary,April 17 | 10PM, , ,60 min,Paytm Insider, ,https://insider.in/sick-and-twisted-an-standup-solo-show-by-yashwardhan-choudhary-apr17-2021/event, , , ,199
Mixtape : A Stand-up Comedy Show,April 10 | 9PM, , ,60 min,Paytm Insider, ,https://insider.in/mixtape-a-standup-comedy-show-apr10-2021/event, , , ,100
Garv's Comedy Buffet,April 1 -30 | Multiple Shows, , ,60 min,Paytm Insider, ,https://insider.in/garvs-comedy-buffet-apr-2021/event, , , ,249
The Four Horsemen,April 11 | 6PM, , ,60 min,Paytm Insider, ,https://insider.in/the-four-horsemen-apr11-2021/event, , , ,49
Comedy Overdose Open Mic,April 9 | 11PM - April 12 | 12AM, , ,60 min,Paytm Insider, ,https://insider.in/comedy-overdose-open-mic-apr9-2021/event, , , ,Free
Tough Hai-Comedy Show By Amit Tiwari,April 11 | 9:30PM, , ,60 min,Paytm Insider, ,https://insider.in/tough-haicomedy-show-by-amit-tiwari-apr11-2021/event, , , ,100
Sunil Grover Live,May 21 | 7PM, , ,60 min,Paytm Insider, ,https://insider.in/sunil-grover-live-may21-2021/event, , , ,999 onwards
Anxiously Yours Presents Open Mic Night,April 3 | 10PM - May 1 | 11PM, , ,60 min,Paytm Insider, ,https://insider.in/anxiously-yours-presents-open-mic-night-apr3-2021/event, , , ,Free
Monkey Bath,April 6 | 7PM - April 20 | 8PM, , ,60 min,Paytm Insider, ,https://insider.in/monkey-bath-mar28-2021/event, , , ,0 onwards
DiGi Open Mic-Stand Up Comedy,April 16 | 8:30PM, , ,60 min,Paytm Insider, ,https://insider.in/digi-open-micstand-up-comedy-apr16-2021/event, , , ,0 onwards
DiGi Open Mic-Stand Up Comedy,April 23 | 8:30PM, , ,60 min,Paytm Insider, ,https://insider.in/digi-open-micstand-up-comedy-apr23-2021/event, , , ,0 onwards
KILL TO WIN : TSA,April 1 | 11PM - April 30 | 12AM, , ,60 min,Paytm Insider, ,https://insider.in/kill-to-win-tsa-apr1-2021/event, , , ,Free
TSA A BIT NIGHT,April 2 | 11PM - May 1 | 12AM, , ,60 min,Paytm Insider, ,https://insider.in/tsa-a-bit-night-apr2-2021/event, , , ,Free
Dongri Danger - A Stand up Trial by Sumaira Shaikh,April 10 | 6PM, , ,60 min,Paytm Insider, ,https://insider.in/dongri-danger-a-stand-up-trial-by-sumaira-shaikh-apr10-2021/event, , , ,199
Half Empty,April 11 | 8PM, , ,60 min,Paytm Insider, ,https://insider.in/half-empty-apr11-2021/event, , , ,0 onwards
wonderful_life_neha on instagram (JIP Comedy Club),April 11 | 10PM, , ,60 min,Paytm Insider, ,https://insider.in/wonderful_life_neha-on-instagram-jip-comedy-club-apr11-2021/event, , , ,Free
Comedy 101 Coaching,March 31 | 8PM - April 9 | 10PM, , ,60 min,Paytm Insider, ,https://insider.in/comedy-101-coaching-mar31-2021/event, , , ,8999
Second Helpings @Garv's Comedy Buffet,April 1 | 10PM - April 29 | 11PM, , ,60 min,Paytm Insider, ,https://insider.in/second-helpings-garvs-comedy-buffet-apr1-2021/event, , , ,99 onwards
Red Card Show @Garv's Comedy Buffet,April 9 | 10PM, , ,60 min,Paytm Insider, ,https://insider.in/red-card-show-garvs-comedy-buffet-apr9-2021/event, , , ,199
Octopus Jokes: Comedy Mic ,April 13 | 9PM, , ,60 min,Paytm Insider, ,https://insider.in/octopus-jokes-comedy-mic--apr13-2021/event, , , ,0 onwards
Soup @Garv's Comedy Buffet,April 13 | 10PM, , ,60 min,Paytm Insider, ,https://insider.in/soup-garvs-comedy-buffet-apr13-2021/event, , , ,99
Main Course @Garv's Comedy Buffet,April 14 | 10PM, , ,60 min,Paytm Insider, ,https://insider.in/main-course-garvs-comedy-buffet-apr14-2021/event, , , ,149
Jokes on Animals,April 18 | 10PM, , ,60 min,Paytm Insider, ,https://insider.in/jokes-on-animals-apr18-2021/event, , , ,0 onwards
Jaleel 'Dat Shit,April 24 | 10PM, , ,60 min,Paytm Insider, ,https://insider.in/jaleel-dat-shit-apr24-2021/event, , , ,99
Quarter Life Crisis- An Online Comedy Show,April 24 | 10PM, , ,60 min,Paytm Insider, ,https://insider.in/quarter-life-crisis-an-online-comedy-show-apr24-2021/event, , , ,299
Laugh-O-Matic Stand Up Comedy,April 25 | 8PM, , ,60 min,Paytm Insider, ,https://insider.in/laughomatic-stand-up-comedy-apr25-2021/event, , , ,39 onwards
Soup @Garv's Comedy Buffet,April 27 | 10PM, , ,60 min,Paytm Insider, ,https://insider.in/soup-garvs-comedy-buffet-apr27-2021/event, , , ,99
DiGi Open Mic-Stand Up Comedy,April 30 | 8:30PM, , ,60 min,Paytm Insider, ,https://insider.in/digi-open-micstand-up-comedy-apr30-2021/event, , , ,0 onwards
Har Baat Pe Mazaak - Live & Recording,May 2 | 6PM, , ,60 min,Paytm Insider, ,https://insider.in/har-baat-pe-mazaak-live-recording-may2-2021/event, , , ,199
A BIT NIGHT,April 2 | 11PM - May 1 | 12AM, , ,60 min,Paytm Insider, ,https://insider.in/a-bit-night-feb19-2021/event, , , ,Free
Mediterranean @Garv's Comedy Buffet,April 10 | 10PM, , ,60 min,Paytm Insider, ,https://insider.in/mediterranean-garvs-comedy-buffet-apr10-2021/event, , , ,149
Understand 38 Types of Comedy : Webinar by Café Comedy,April 11 | 2PM, , ,60 min,Paytm Insider, ,https://insider.in/understand-38-types-of-comedy-webinar-by-caf-comedy-apr11-2021/event, , , ,99
Dessert @Garv's Comedy Buffet,April 11 | 10PM, , ,60 min,Paytm Insider, ,https://insider.in/dessert-garvs-comedy-buffet-apr11-2021/event, , , ,149
Starters @Garv's Comedy Buffet,April 12 | 10PM, , ,60 min,Paytm Insider, ,https://insider.in/starters-garvs-comedy-buffet-apr12-2021/event, , , ,49
Roast of MBA @Garv's Comedy Buffet,April 16 | 10PM, , ,60 min,Paytm Insider, ,https://insider.in/roast-of-mba-garvs-comedy-buffet-apr16-2021/event, , , ,149
'Weekend Standup Comedy Workshop' On Zoom by Cafe Comedy,April 17 | 10AM - April 18 | 11AM, , ,60 min,Paytm Insider, ,https://insider.in/weekend-standup-comedy-workshop-by-cafe-comedy-salient-features-apr17-2021/event, , , ,299
Mediterranean @Garv's Comedy Buffet,April 17 | 10PM, , ,60 min,Paytm Insider, ,https://insider.in/mediterranean-garvs-comedy-buffet-apr17-2021/event, , , ,149
Laugh-O-Matic Stand Up Comedy,April 18 | 8PM, , ,60 min,Paytm Insider, ,https://insider.in/laughomatic-stand-up-comedy-apr18-2021/event, , , ,39 onwards
Dessert @Garv's Comedy Buffet,April 18 | 10PM, , ,60 min,Paytm Insider, ,https://insider.in/dessert-garvs-comedy-buffet-apr18-2021/event, , , ,149
Starters @Garv's Comedy Buffet,April 19 | 10PM, , ,60 min,Paytm Insider, ,https://insider.in/starters-garvs-comedy-buffet-apr19-2021/event, , , ,49
Soup @Garv's Comedy Buffet,April 20 | 10PM, , ,60 min,Paytm Insider, ,https://insider.in/soup-garvs-comedy-buffet-apr20-2021/event, , , ,99
Main Course @Garv's Comedy Buffet,April 21 | 10PM, , ,60 min,Paytm Insider, ,https://insider.in/main-course-garvs-comedy-buffet-apr21-2021/event, , , ,149
Mediterranean @Garv's Comedy Buffet,April 24 | 10PM, , ,60 min,Paytm Insider, ,https://insider.in/mediterranean-garvs-comedy-buffet-apr24-2021/event, , , ,149
Humor Session : Insight #17 : Relatability Factor In Comedy,April 25 | 9PM, , ,60 min,Paytm Insider, ,https://insider.in/humor-session-insight-17-relatability-factor-in-comedy-apr25-2021/event, , , ,29
Dessert @Garv's Comedy Buffet,April 25 | 10PM, , ,60 min,Paytm Insider, ,https://insider.in/dessert-garvs-comedy-buffet-apr25-2021/event, , , ,149
Starters @Garv's Comedy Buffet,April 26 | 10PM, , ,60 min,Paytm Insider, ,https://insider.in/starters-garvs-comedy-buffet-apr26-2021/event, , , ,49
Main Course @Garv's Comedy Buffet,April 28 | 10PM, , ,60 min,Paytm Insider, ,https://insider.in/main-course-garvs-comedy-buffet-apr28-2021/event, , , ,149
Comedy 101 Coaching : 1 Year Long Training & Membership,April 30 | 8PM, , ,60 min,Paytm Insider, ,https://insider.in/comedy-101-coaching-1-year-long-training-membership-mar31-2021/event, , , ,8999
Hidden in Plain Sight - Version 2.0 Digital Edition,Multiple Showtimes Available, , ,60 min,Paytm Insider, ,https://insider.in/hidden-in-plain-sight-digital-edition/event, , , ,500 onwards
MEHFIL : ALFAZ,April 9 | 9PM, , ,60 min,Paytm Insider, ,https://insider.in/mehfil-alfaz-apr9-2021/event, , , ,0 onwards
Miah-Boy Diaries (Thespo Young Live Digital) ,April 9 & 10 | 7PM, , ,60 min,Paytm Insider, ,https://insider.in/miahboy-diaries-apr-2021/event, , , ,250 - 300
Poetry Unfiltered Open Mic ft. Radhika Makker  ,April 8 | 8:30PM, , ,60 min,Paytm Insider, ,https://insider.in/poetry-unfiltered-open-mic-ft-radhika-makker--apr8-2021/event, , , ,79
CAFF'21- India's Largest Student Run Film Festival,April 9 | 11:45AM - April 12 | 6:45PM, , ,60 min,Paytm Insider, ,https://insider.in/caff21-indias-largest-student-run-film-festival-apr9-2021/event, , , ,Free
DiGi Open Mic-Poetry and Storytelling,April 10 | 8:30PM, , ,60 min,Paytm Insider, ,https://insider.in/digi-open-micpoetry-and-storytelling-apr10-2021/event, , , ,0 onwards
Poetry Unfiltered Open Mic ft. Shivi Goyal,April 11 | 6PM, , ,60 min,Paytm Insider, ,https://insider.in/poetry-unfiltered-open-mic-ft-shivi-goyal-apr11-2021/event, , , ,79
Spoken Words Boulevard-Poetry and Storytelling,April 11 | 8PM, , ,60 min,Paytm Insider, ,https://insider.in/spoken-words-boulevardpoetry-and-storytelling-apr11-2021/event, , , ,0 onwards
MINI MATCHBOX,April 24 | 3PM, , ,60 min,Paytm Insider, ,https://insider.in/mini-matchbox-apr24-2021/event, , , ,100
Book Discussion: The Immortals of Meluha by Amish Tripathi,April 9 | 9PM, , ,60 min,Paytm Insider, ,https://insider.in/book-discussion-the-immortals-of-meluha-by-amish-tripathi-apr9-2021/event, , , ,Free
Tughlaq - A rehearsed reading,Video on Demand, , ,60 min,Paytm Insider, ,https://insider.in/avchetan-theatre-presents-tughlaq-dec15-2020/event, , , ,149
Apna Open Mic - 76th Online Edition,April 10 | 8:30PM, , ,60 min,Paytm Insider, ,https://insider.in/apna-open-mic-76th-online-edition-apr10-2021/event, , , ,0 onwards
A MURDER IN BROOKLYN,April 17 | 6PM, , ,60 min,Paytm Insider, ,https://insider.in/a-murder-in-brooklyn-apr17-2021/event, , , ,100
Taboodana's Avow Tales and Talks Tales (Un)Fairied by Shreedevi Sunil,April 17 | 6:30PM, , ,60 min,Paytm Insider, ,https://insider.in/taboodanas-avow-tales-and-talks-tales-unfairied-by-shreedevi-sunil-apr17-2021/event, , , ,499
CAN'T PAY? WON'T PAY!,April 25 | 5PM, , ,60 min,Paytm Insider, ,https://insider.in/cant-pay-wont-pay-apr25-2021/event, , , ,100
Watch Aunty Sudha Aunty Radha on Cinemapreneur,April 6 | 12PM - April 8 | 11PM, , ,60 min,Paytm Insider, ,https://insider.in/watch-aunty-sudha-aunty-radha-on-cinemapreneur-apr6-2021/event, , , ,99
The Platform For Artists ( Rhyems & Rhythems ) - Masteshk Open Mic ( Delhi...,March 21 | 4PM - April 25 | 8AM, , ,60 min,Paytm Insider, ,https://insider.in/the-platform-for-artists-rhyems-rhythems-masteshk-open-mic-delhi-open-mic-event--mar21-2021/event, , , ,Free
Apna Open Mic - 77th Online Edition,April 18 | 8:30PM, , ,60 min,Paytm Insider, ,https://insider.in/apna-open-mic-76th-online-edition-apr18-2021/event, , , ,Free
Nights through a window,Video on Demand, , ,60 min,Paytm Insider, ,https://insider.in/nights-through-a-window-jan18-2021/event, , , ,100
Play This | A Hindi Feature Film By Sourabh Shrivastav,Video on Demand, , ,60 min,Paytm Insider, ,https://insider.in/play-this-a-hindi-feature-film-by-sourabh-shrivastav-jan29-2021/event, , , ,100
KYA HUA TERA WADA?,April 10 | 6PM, , ,60 min,Paytm Insider, ,https://insider.in/kya-hua-tera-wada-apr10-2021/event, , , ,100
Aata hai Yaad Mujhko... (How I remember...) ,April 10 | 7:30PM, , ,60 min,Paytm Insider, ,https://insider.in/aata-hai-yaad-mujhko-how-i-remember--apr10-2021/event, , , ,Free
DiGi Open Mic-Poetry and Storytelling,April 17 | 8:30PM, , ,60 min,Paytm Insider, ,https://insider.in/digi-open-micpoetry-and-storytelling-apr17-2021/event, , , ,0 onwards
JEEBON'R CHAAYI,April 18 | 6PM, , ,60 min,Paytm Insider, ,https://insider.in/jeebonr-chaayi-apr18-2021/event, , , ,100
Apna Open Mic - 78th Online Edition,April 23 | 8:30PM, , ,60 min,Paytm Insider, ,https://insider.in/apna-open-mic-78th-online-edition-apr23-2021/event, , , ,0 onwards
DiGi Open Mic-Poetry and Storytelling,April 24 | 8:30PM, , ,60 min,Paytm Insider, ,https://insider.in/digi-open-micpoetry-and-storytelling-apr24-2021/event, , , ,0 onwards
Tangled Seas,March 17 | 11AM, , ,60 min,Paytm Insider, ,https://insider.in/tangled-seas-early-online-access--mar6-2021/event, , , ,300 onwards
Camping  & Movie Under the Stars @Tents N' Trails,Daily | 4PM, , ,60 min,Paytm Insider, ,https://insider.in/tents-n-trails-camping-with-live-band-nights-movie-under-the-stars-jan16-2021/event, , , ,1999 onwards
Live Acoustic & Movie Night Beach Camping At Alibaug,Saturdays | 4:30PM - Sundays | 11:00AM, , ,60 min,Paytm Insider, ,https://insider.in/diwali-special-beach-camping-at-alibaug-2020-21/event, , , ,799 onwards
Stargazing and Camping at Dehne | Treks and Trails,May 8 | 4PM - May 16 | 11AM, , ,60 min,Paytm Insider, ,https://insider.in/stargazing-and-camping-at-dehne-nov30-2019/event, , , ,1600 onwards
Igatpuri Secret Camping and Water Sports | Trek and Trails,April 17 | 3:30PM - April 18 | 10:30PM, , ,60 min,Paytm Insider, ,https://insider.in/igatpuri-secret-camping-and-water-sports-trek-and-trails-dec5-2020/event, , , ,Free
Purushwadi Fireflies 2021,May 15 | 11AM - May 30 | 2PM, , ,60 min,Paytm Insider, ,https://insider.in/purushwadi-fireflies-2021-may15-2021/event, , , ,3465 onwards
Kalsubai Camping & Trekking.,February 13 | 11AM - February 14 | 4PM, , ,60 min,Paytm Insider, ,https://insider.in/kalsubai-camping-trekking-feb13-2021/event, , , ,1399 onwards
Pawna Lake Camping by Trek and Trails,March 28 | 4PM - May 24 | 10AM, , ,60 min,Paytm Insider, ,https://insider.in/pawna-lake-camping-by-trek-and-trails-feb27-2021/event, , , ,"1,000"
Lakeside Camping at Pawna,Multiple Dates | 4PM - 10AM, , ,60 min,Paytm Insider, ,https://insider.in/lakeside-camping-at-pawna-nov9-2019/event, , , ,1350
Prabalmachi Camping & Trekking,Multiple Dates | 6PM, , ,60 min,Paytm Insider, ,https://insider.in/prabalmachi-camping-trekking-feb1-2020/event, , , ,800 onwards
Sandhan Valley Trek & Camping,Multiple Dates |7PM, , ,60 min,Paytm Insider, ,https://insider.in/sandhan-valley-trek-camping-jan29-2020/event, , , ,1700
Stargazing And Camping Near Mumbai | Trikon,April 2 | 3PM - April 5 | 6AM, , ,60 min,Paytm Insider, ,https://insider.in/stargazing-and-camping-near-mumbai-trikon-apr10-2021/event, , , ,Free
Bhandardhara Lakeside Camping ,Weekends | 5PM, , ,60 min,Paytm Insider, ,https://insider.in/bhandardhara-lakeside-camping-2020/event, , , ,499 onwards
Live Band Nights & Weekend Camping @Tents N' Trails,Saturdays | 4PM - Sundays | 11PM, , ,60 min,Paytm Insider, ,https://insider.in/ipl-nights-under-the-stars-2020/event, , , ,2499 onwards
Weekends at Forest Campground,January 16 | 4PM - May 30 | 12PM, , ,60 min,Paytm Insider, ,https://insider.in/weekends-at-forest-campground-mar6-2021/event, , , ,3199 onwards
Bhandardara Fireflies Camping 2021 | T Trikon,May 15 | 12PM - May 30 | 11AM, , ,60 min,Paytm Insider, ,https://insider.in/bhandardara-fireflies-camping-2021-t-trikon-may15-2021/event, , , ,2204 onwards
Prabalmachi Fireflies Trek and Camp 2021 | T Trikon,May 15 | 5PM - May 30 | 10AM, , ,60 min,Paytm Insider, ,https://insider.in/prabalmachi-fireflies-trek-and-camp-2021-t-trikon-may15-2021/event, , , ,1680 onwards
Instagram Marketing in 2021 + Keeping Content Fresh & Relevant,April 8 & 20 | 4PM - 5:30PM, , ,60 min,Paytm Insider, ,https://insider.in/instagram-marketing-in-2021-keeping-content-fresh-relevant-apr-2021/event, , , ,850
Story Circle - School for storytellers & writers,April 25 | 10PM - July 25 | 10PM, , ,60 min,Paytm Insider, ,https://insider.in/story-circle-school-for-storytellers-writers-jan1-2021/event, , , ,7999
Sagun and Nirgun Sessions,Video on Demand, , ,60 min,Paytm Insider, ,https://insider.in/nirgun-and-sagun-sessions-vod-2021/event, , , ,3000 | $50 | £40 | €45
how to Make money From Stock Market ,April 11 | 5PM - April 18 | 6PM, , ,60 min,Paytm Insider, ,https://insider.in/learn-how-to-make-money-from-stock-market-mar28-2021/event, , , ,Free
Learn How to Make Money from Stock Market | Live Webinar by Ishu Trading ,April 4 | 5PM - April 25 | 7PM, , ,60 min,Paytm Insider, ,https://insider.in/learn-how-to-make-money-in-stock-market-apr4-2021/event, , , ,49 onwards
Learn Shlokas Chanting | Demo Class | For Kids Aged 5-14 Years | BaaBee TV,April 3 | 2PM - April 24 | 1PM, , ,60 min,Paytm Insider, ,https://insider.in/learn-shlokas-chanting-demo-class-for-kids-aged-514-years-baabee-tv-apr3-2021/event, , , ,49 onwards
"Stock Market, How to make Money ?",April 19 | 7AM, , ,60 min,Paytm Insider, ,https://insider.in/history-repeats-in-stock-market-apr19-2021/event, , , ,100
Diplomathon Global World Programme (Middle East and Africa),May 24 | 5PM - May 29 | 6PM, , ,60 min,Paytm Insider, ,https://insider.in/diplomathon-global-world-programme-middle-east-and-africa-may24-2021/event, , , ,1800
Nirgun Sessions ,Video on Demand, , ,60 min,Paytm Insider, ,https://insider.in/nirgun-sessions--vod-2021/event, , , ,2000 | $40 | £30 | €35
Neuro Linguistic Programming Foundation Course,April 3 | 6PM - April 27 | 12PM, , ,60 min,Paytm Insider, ,https://insider.in/neuro-linguistic-programming-foundation-course-apr3-2021/event, , , ,4500 onwards
"Improve Your Mental Health in 30 Days, by Masterlife.",Everyday | 2PM, , ,60 min,Paytm Insider, ,https://insider.in/improve-your-mental-health-in-30-days-by-masterlife-jun30-2020/event, , , ,2399
"Learn to Be a Great Story-Teller in 7 Days, By Masterlife.",Everyday, , ,60 min,Paytm Insider, ,https://insider.in/learn-to-be-a-great-storyteller-in-7-days-by-masterlife-sep22-2020/event, , , ,999
"Expert Plan@Rs.799 | Learn Spoken English, Web-Designing, Digital Marketin...",September 30 | 3:40PM - December 31 | 10:25AM, , ,60 min,Paytm Insider, ,https://insider.in/expert-planrs799-learn-spoken-english-webdesigning-digital-marketing-excel-access-vba-digital-marketing-android-studio-sep30-2020/event, , , ,799
DEMO DIPLOMA IN INTERNATIONAL FINANCIAL REPORTING (DIPIFR) VIDEO LECTURE,October 28 | 12:28PM - April 30 | 11:59PM, , ,60 min,Paytm Insider, ,https://insider.in/demo-diploma-in-international-financial-reporting-dipifr-video-lecture-oct28-2020/event, , , ,Free
Improve Your Emotional Intelligence,Everyday, , ,60 min,Paytm Insider, ,https://insider.in/improve-your-emotional-intelligence-jan11-2021/event, , , ,999
ETFs International perspective with Deborah A Fuhr,Video on Demand, , ,60 min,Paytm Insider, ,https://insider.in/etfs-international-perspective-with-deborah-a-fuhr/event, , , ,99
Sagun Sessions,Video on Demand, , ,60 min,Paytm Insider, ,https://insider.in/sagun-sessions-vod-2021/event, , , ,2000 | $40 | £30 | €35
Decoupage art - online tutorial for beginners,March 30 | 10AM - September 24 | 5PM, , ,60 min,Paytm Insider, ,https://insider.in/decoupage-workshop-for-beginners-apr5-2021/event, , , ,1000
Public Speaking For Kids | Demo Class | For Kids Aged 5-14 Years | BaaBee TV,April 3 | 2PM - April 24 | 11AM, , ,60 min,Paytm Insider, ,https://insider.in/public-speaking-for-kids-demo-class-for-kids-aged-514-years-baabee-tv-apr3-2021/event, , , ,49 onwards
French Language For Kids | Demo Class | For Kids Aged 5-14 Years | BaaBee TV,April 3 | 12PM - April 24 | 12PM, , ,60 min,Paytm Insider, ,https://insider.in/french-language-for-kids-demo-class-for-kids-aged-514-years-baabee-tv-apr3-2021/event, , , ,49 onwards
Learn To Solve Rubik's Cube | Demo Class | For Kids Aged 5-14 Years | BaaB...,April 4 | 5PM - April 25 | 6PM, , ,60 min,Paytm Insider, ,https://insider.in/learn-to-solve-rubiks-cube-demo-class-for-kids-aged-514-years-baabee-tv-apr4-2021/event, , , ,49 onwards
Resin Art workshop by Hobbee Horse,April 18 | 3PM, , ,60 min,Paytm Insider, ,https://insider.in/resin-art-workshop-by-hobbee-horse-apr18-2021/event, , , ,499
Mandalistic Vibes,April 24 | 3PM - May 16 | 4PM, , ,60 min,Paytm Insider, ,https://insider.in/mandalistic-vibes-apr24-2021/event, , , ,800 onwards
Checkmate by Chanakya Chess Club (Batch 2),Daily | Monday to Saturday | 4PM - 5PM, , ,60 min,Paytm Insider, ,https://insider.in/checkmate-by-chanakya-chess-club-batch-2-jun8-2020/event, , , ,3300
"Learn Cool Magic Tricks in 30 Days, by Masterlife.",Everyday | 12PM, , ,60 min,Paytm Insider, ,https://insider.in/learn-cool-magic-tricks-in-30-days-by-masterlife-jun30-2020/event, , , ,1999
"Get Yoga Fit in 30 Days, by Masterlife.",Everyday | 12PM, , ,60 min,Paytm Insider, ,https://insider.in/get-yoga-fit-in-30-days-by-masterlife-jun30-2020/event, , , ,1999
"Become More Spiritual in 30 Days, By Masterlife.",Everyday, , ,60 min,Paytm Insider, ,https://insider.in/become-more-spiritual-in-30-days-by-masterlife-sep14-2020/event, , , ,1999
 DEMO FINANCIAL REPORTING VIDEO LECTURE,October 28 | 12:31PM - April 30 | 4:31PM, , ,60 min,Paytm Insider, ,https://insider.in/-demo-financial-reporting-video-lecture-oct28-2020/event, , , ,Free
FINANCIAL REPORTING VIDEO LECTURES,Get access to content for 12 months from the date of enrollment, , ,60 min,Paytm Insider, ,https://insider.in/financial-reporting-video-lectures-oct28-2020/event, , , ,10000
Master The Best You with a Coach,Everyday, , ,60 min,Paytm Insider, ,https://insider.in/master-the-best-you-with-a-coach-jan1-2021/event, , , ,3999
Improve Your Confidence - by Masterlife.,Everyday | 12 PM, , ,60 min,Paytm Insider, ,https://insider.in/improve-your-confidence-by-masterlife-jan4-2021/event, , , ,999
Master the Art of Mindful eating,Everyday, , ,60 min,Paytm Insider, ,https://insider.in/master-the-art-of-mindful-eating-jan4-2021/event, , , ,1999
Build an Awesome personal brand,Everyday, , ,60 min,Paytm Insider, ,https://insider.in/build-an-awesome-personal-brand-jan8-2021/event, , , ,799
From Idea to Startup in 30 Days,Everyday, , ,60 min,Paytm Insider, ,https://insider.in/from-idea-to-startup-in-30-days-jan8-2021/event, , , ,1999
Learn to Attract the Right Partner,Everyday, , ,60 min,Paytm Insider, ,https://insider.in/learn-to-attract-the-right-partner-jan8-2021/event, , , ,1999
Unlock Your Potential Through Vision Boarding,Everyday, , ,60 min,Paytm Insider, ,https://insider.in/unlock-your-potential-through-vision-boarding-jan8-2021/event, , , ,799
Going Beyond the Mind Through Soulful Living,Everyday, , ,60 min,Paytm Insider, ,https://insider.in/going-beyond-the-mind-through-soulful-living-jan8-2021/event, , , ,799
Learn Personal Financial Investing,Everyday, , ,60 min,Paytm Insider, ,https://insider.in/learn-personal-financial-investing-jan8-2021/event, , , ,1999
Rewrite Your Money Story,Daily, , ,60 min,Paytm Insider, ,https://insider.in/rewrite-your-money-story-jan8-2021/event, , , ,799
Master the Money Mindset,Daily | 3:45PM, , ,60 min,Paytm Insider, ,https://insider.in/master-the-money-mindset-jan8-2021/event, , , ,799
How to Improve Your Sales Skills,Everyday, , ,60 min,Paytm Insider, ,https://insider.in/how-to-improve-your-sales-skills-jan11-2021/event, , , ,999
Build a Power Networker Mindset,Everyday, , ,60 min,Paytm Insider, ,https://insider.in/how-to-be-a-power-networker-jan11-2021/event, , , ,1999
Learn to Connect with Anyone,Everyday, , ,60 min,Paytm Insider, ,https://insider.in/learn-to-connect-with-anyone-jan11-2021/event, , , ,1999
Develop a High Performance Mindset,Everyday, , ,60 min,Paytm Insider, ,https://insider.in/develop-a-high-performance-mindset-jan11-2021/event, , , ,999
Master the Art of Styling & Grooming for Men,Everyday, , ,60 min,Paytm Insider, ,https://insider.in/master-the-art-of-styling-grooming-for-men-jan11-2021/event, , , ,999
How to Manage Stress and Thrive,Everyday, , ,60 min,Paytm Insider, ,https://insider.in/overcome-work-from-home-stress-jan11-2021/event, , , ,799
Unlock Your Super Powers by Sleeping Better,Everyday, , ,60 min,Paytm Insider, ,https://insider.in/unlock-your-super-powers-by-sleeping-better-jan11-2021/event, , , ,799
Millionaire Morning Routine,Everyday, , ,60 min,Paytm Insider, ,https://insider.in/millionaire-morning-routine-jan11-2021/event, , , ,799
Exchange role in ETFs with Mukesh Agarwal,Video on Demand, , ,60 min,Paytm Insider, ,https://insider.in/exchange-role-in-etfs-with-mukesh-agarwal/event, , , ,99
Basics of stock market,February | 9PM, , ,60 min,Paytm Insider, ,https://insider.in/basics-of-stock-market-nov28-2020/event, , , ,899 onwards
Advanced Financial Modeling,March 6 | 5:47PM - April 24 | 9:47PM, , ,60 min,Paytm Insider, ,https://insider.in/advanced-financial-modeling-mar6-2021/event, , , ,9999
PMP Interactive Live Online Training ,March 13 | 6:41PM - April 24 | 10:41PM, , ,60 min,Paytm Insider, ,https://insider.in/pmp-interactive-live-online-training--mar13-2021/event, , , ,9999
Communication Excellence Foundation Course,March 27 | 4PM - April 25 | 7PM, , ,60 min,Paytm Insider, ,https://insider.in/communication-excellence-foundation-course-mar27-2021/event, , , ,7999 onwards
PRODUCT LEADERSHIP FESTIVAL 2021,March 30 | 8PM - April 11 | 10AM, , ,60 min,Paytm Insider, ,https://insider.in/product-leadership-festival-2021-mar30-2021/event, , , ,Free
ETG Get Skilled Camp 2021,April 3 | 9AM - April 11 | 9PM, , ,60 min,Paytm Insider, ,https://insider.in/etg-get-skilled-camp-2021-apr3-2021/event, , , ,1199
Upgrade your Relationship  by Rudra Thakur: A relationship beyond I love you,April 5 | 12PM - April 30 | 1PM, , ,60 min,Paytm Insider, ,https://insider.in/upgrade-your-relationship-by-rudra-thakur-a-relationship-beyond-i-love-you-apr5-2021/event, , , ,999 onwards
ONLINE VOICE COACHING WORKSHOP FOR KIDS,April 5 | 3:30PM - May 5 | 7:30PM, , ,60 min,Paytm Insider, ,https://insider.in/online-voice-coaching-workshop-for-kids-apr5-2021/event, , , ,5000
VIRTUAL TRAVEL FEST 2021 - WESTERN INDIA EDITION,April 9 | 11AM - April 11 | 9PM, , ,60 min,Paytm Insider, ,https://insider.in/virtual-travel-fest-2021-western-india-edition-apr9-2021/event, , , ,0 onwards
CHEF SERIES: GLOBAL SANDWICHES,April 9 | 3PM, , ,60 min,Paytm Insider, ,https://insider.in/chef-series-global-sandwiches-apr9-2021/event, , , ,1950
Digital Marketing Masterclass l A-Z of digital marketing - Sorted,April 10 | 11AM - May 1 | 2PM, , ,60 min,Paytm Insider, ,https://insider.in/digital-marketing-masterclass-l-az-of-digital-marketing-sorted-apr10-2021/event, , , ,5250
German Language For Kids | Demo Class | For Kids Aged 5-14 Years | BaaBee TV,April 4 | 5PM - April 25 | 6PM, , ,60 min,Paytm Insider, ,https://insider.in/german-language-for-kids-demo-class-for-kids-aged-514-years-baabee-tv-apr4-2021/event, , , ,49 onwards
Learn To Play Chess | Demo Class | For Kids Aged 5-14 Years | BaaBee TV,April 4 | 11AM - April 25 | 8PM, , ,60 min,Paytm Insider, ,https://insider.in/learn-to-play-chess-demo-class-for-kids-aged-514-years-baabee-tv-apr4-2021/event, , , ,49 onwards
Providing Free 1 Week Online US IT Training With 100% Guaranteed Placement...,April 12 | 12PM, , ,60 min,Paytm Insider, ,https://insider.in/providing-free-online-us-it-training-with-100-guaranteed-placements-programs-apr12-2021/event, , , ,Free
Vishal Bhargava,April 13 | 2:16AM, , ,60 min,Paytm Insider, ,https://insider.in/vishal-bhargava-apr13-2021/event, , , ,50
GLOBAL SOUPS & SALADS - 5 ,April 14 | 3PM, , ,60 min,Paytm Insider, ,https://insider.in/master-class-global-soups-salads-5--apr14-2021/event, , , ,1950
Emotional Intelligence - The Brain Hack,April 17 | 10AM - May 2 | 6PM, , ,60 min,Paytm Insider, ,https://insider.in/emotional-intelligence-the-brain-hack-apr17-2021/event, , , ,1199 onwards
Unlocking Platform Thinking: Key Platform Product Management Perspectives,April 21 | 8PM, , ,60 min,Paytm Insider, ,https://insider.in/unlocking-platform-thinking-key-platform-product-management-perspectives-apr21-2021/event, , , ,Free
NLP Foundation Certificate Course,April 24 | 6PM - April 28 | 8PM, , ,60 min,Paytm Insider, ,https://insider.in/nlp-foundation-certificate-course-apr24-2021/event, , , ,5500
The Bombay Research Summit,April 9 | 5PM - April 11 | 8PM, , ,60 min,Paytm Insider, ,https://insider.in/the-bombay-research-summit-apr9-2021/event, , , ,Free
How To Optimize Facebook Ads ,April 10 | 11:30AM, , ,60 min,Paytm Insider, ,https://insider.in/how-to-optimize-facebook-ads--apr10-2021/event, , , ,199
Make your own Natural Home Cleaners,April 17 | 11AM, , ,60 min,Paytm Insider, ,https://insider.in/make-your-natural-home-cleaners-apr17-2021/event, , , ,500
Therapeutic Potential of Indian Dance,April 10 | 11:30AM - April 11 | 1:30PM, , ,60 min,Paytm Insider, ,https://insider.in/therapeutic-potential-of-indian-dance-apr10-2021/event, , , ,1000
Let's Journal,April 9 | 7PM - April 11 | 7PM, , ,60 min,Paytm Insider, ,https://insider.in/lets-journal-apr9-2021/event, , , ,200
Art camp,April 6 - 19 | 11AM - 12:30PM (Excl. Sat & Sun), , ,60 min,Paytm Insider, ,https://insider.in/art-camp-apr6-2021/event, , , ,1600 onwards
History of ETFs with Ashish Kumar Chauhan,Video on Demand, , ,60 min,Paytm Insider, ,https://insider.in/history-of-etfs-with-ashish-kumar-chauhan/event, , , ,Free
Brush Lettering Workshop,April 11 | 4PM, , ,60 min,Paytm Insider, ,https://insider.in/watercolor-florals-lettering-apr11-2021/event, , , ,499
Makers’ Bootcamp (online),April 12 | 10AM - April 23 | 12PM, , ,60 min,Paytm Insider, ,https://insider.in/makers-bootcamp-online-apr12-2021/event, , , ,2900
REIKI LEVEL 1,April 10 | 4:30PM - April 11 | 2:30PM, , ,60 min,Paytm Insider, ,https://insider.in/reiki-level-1-apr10-2021/event, , , ,1500
5 key pillars of strategic product management,April 8 | 8PM, , ,60 min,Paytm Insider, ,https://insider.in/5-key-pillars-of-strategic-product-management-apr8-2021/event, , , ,Free
The Art of Focus,April 15 | 8PM, , ,60 min,Paytm Insider, ,https://insider.in/the-art-of-focus-apr15-2021/event, , , ,Free
Semi Classical Regular Batch - Sneha Kapoor,April 15 | 7PM, , ,60 min,Paytm Insider, ,https://insider.in/semi-classical-regular-batch-sneha-kapoor-apr15-2021/event, , , ,2100
M.A.C Makeup School by Navreet Josan,"May 1-2, May 22-23 | 2:30 PM to 6:00 PM", , ,60 min,Paytm Insider, ,https://insider.in/mac-makeup-school-by-navreet-josan-edition-7-may1-2021/event, , , ,4300
Trading with ETFs by Sankha Mukherjee,Video on Demand, , ,60 min,Paytm Insider, ,https://insider.in/trading-with-etfs-by-sankha-mukherjee/event, , , ,99
Danceathon,April 10 | 4PM - April 11 | 6PM, , ,60 min,Paytm Insider, ,https://insider.in/danceathon-apr10-2021/event, , , ,149 onwards
Suhana Safar 5,April 20 | 4PM - May 11 | 5PM, , ,60 min,Paytm Insider, ,https://insider.in/suhana-safar-5-apr20-2021/event, , , ,2000
India Largest Recruiting and Branding Virtual Jobs Fair,June 17 | 1PM, , ,60 min,Paytm Insider, ,https://insider.in/india-largest-recruiting-and-branding-virtual-jobs-fair-jun17-2021/event, , , ,Free
The Art of Mindfulness by Ms. Japneet Kaur Anand,Video on Demand, , ,60 min,Paytm Insider, ,https://insider.in/the-art-of-mindfulness-by-ms-japneet-kaur-anand-dec24-2020/event, , , ,49
Google Sheets,April 10 | 4:05PM, , ,60 min,Paytm Insider, ,https://insider.in/google-sheets-apr10-2021/event, , , ,Free
B2B/B2C Product Management,April 10 | 5PM, , ,60 min,Paytm Insider, ,https://insider.in/b2bb2c-product-management-apr10-2021/event, , , ,Free
Painting by numbers | Art Workshop,April 10 | 6:30PM - May 1 | 7:45PM, , ,60 min,Paytm Insider, ,https://insider.in/painting-by-numbers-art-workshop-feb27-2021/event, , , ,350 onwards
Enlightening Stories for Foodies,April 11 | 11AM, , ,60 min,Paytm Insider, ,https://insider.in/enlightening-stories-for-foodies-apr11-2021/event, , , ,Free
Basic Photography Webinar-A Layman Approach by IPW,April 11 | 11AM, , ,60 min,Paytm Insider, ,https://insider.in/basic-photography-webinara-layman-approach-by-ipw-apr11-2021/event, , , ,999
Financial Fitness for Homemakers,April 17 | 4PM, , ,60 min,Paytm Insider, ,https://insider.in/financial-fitness-for-homemakers-apr17-2021/event, , , ,399
Stop Stress Before It Stops You: Stress Management Rapid Techniques Anytim...,Video on Demand, , ,60 min,Paytm Insider, ,https://insider.in/stop-stress-before-it-stops-you-stress-management-rapid-techniques-anytime-anywhere-dec31-2020/event, , , ,49
Charcoal Drawing Workshop by Rajasthan Studio ,April 8 | 3PM, , ,60 min,Paytm Insider, ,https://insider.in/charcoal-drawing-workshop-by-rajasthan-studio--apr8-2021/event, , , ,499
Santhal Painting,April 8 | 4PM - April 9 | 5PM, , ,60 min,Paytm Insider, ,https://insider.in/santhal-painting-apr8-2021/event, , , ,1500
Saura Painting Workshop by Rajasthan Studio,April 8 | 5PM, , ,60 min,Paytm Insider, ,https://insider.in/saura-painting-workshop-by-rajasthan-studio-apr8-2021/event, , , ,499
Workshop: Present like a Pro,April 9 | 5PM, , ,60 min,Paytm Insider, ,https://insider.in/workshop-present-like-a-pro-apr9-2021/event, , , ,999
Decoupage Coasters Workshop by Rajasthan Studio ,April 9 | 5PM, , ,60 min,Paytm Insider, ,https://insider.in/decoupage-coasters-workshop-by-rajasthan-studio--apr9-2021/event, , , ,499
Gond Workshop,April 10 | 4PM - April 11 | 5PM, , ,60 min,Paytm Insider, ,https://insider.in/gond-workshop-apr10-2021/event, , , ,2800
The First Fold Workshop  by Rajasthan Studio,April 10 | 5PM, , ,60 min,Paytm Insider, ,https://insider.in/the-first-fold-workshop-by-rajasthan-studio-apr10-2021/event, , , ,499
DIY Natural Colors and Shibori [Online Live Workshop - Materials Kit Avail...,April 10 | 5:30PM, , ,60 min,Paytm Insider, ,https://insider.in/diy-natural-colors-and-shibori-online-live-workshop-materials-kit-available-apr10-2021/event, , , ,700 onwards
Abstract Portrait Art Class,April 10 | 5:30PM - May 1 | 6:45PM, , ,60 min,Paytm Insider, ,https://insider.in/abstract-portrait-art-class-feb27-2021/event, , , ,350 onwards
Chakra Mandala Art Therapy,April 10 | 6PM, , ,60 min,Paytm Insider, ,https://insider.in/chakra-mandala-art-therapy-apr10-2021/event, , , ,299
Belly Dance Online Class,April 10 | 7PM - April 25 | 1PM, , ,60 min,Paytm Insider, ,https://insider.in/belly-dance-fusion-workshop-dec7-2019/event, , , ,299 onwards
Paint your own Wooden Figurines [Online Live Workshop - Inclusive of Mater...,April 11 | 11AM, , ,60 min,Paytm Insider, ,https://insider.in/paint-your-own-wooden-figurines-online-live-workshop-inclusive-of-materials-apr11-2021/event, , , ,1000 onwards
Online: Terrarium making workshop,April 11 | 3PM, , ,60 min,Paytm Insider, ,https://insider.in/online-terrarium-making-workshop-feb14-2021/event, , , ,550
String Art Workshop by Rajasthan Studio ,April 12 | 3PM, , ,60 min,Paytm Insider, ,https://insider.in/string-art-workshop-by-rajasthan-studio--apr12-2021/event, , , ,499
Acrylic Painting Sunset Workshop by Rajasthan Studio ,April 12 | 5PM, , ,60 min,Paytm Insider, ,https://insider.in/acrylic-painting-sunset-workshop-by-rajasthan-studio--apr12-2021/event, , , ,499
Online Acting Workshop-Art Liberates,April 12 | 7:30PM - April 18 | 9:30PM, , ,60 min,Paytm Insider, ,https://insider.in/online-acting-workshopart-liberates-apr12-2021/event, , , ,1999
Madhubani Painting [Online Live Masterclass],April 13 | 6PM, , ,60 min,Paytm Insider, ,https://insider.in/madhubani-painting-online-live-masterclass-apr13-2021/event, , , ,3500 onwards
Resin Wall Clock Workshop by Rajasthan Studio ,April 15 | 5PM, , ,60 min,Paytm Insider, ,https://insider.in/resin-wall-clock-workshop-by-rajasthan-studio--apr15-2021/event, , , ,499
Zardosi Embroidery ,April 17 | 4PM - April 18 | 5PM, , ,60 min,Paytm Insider, ,https://insider.in/zardosi-embroidery--apr17-2021/event, , , ,3300
Mindfulness with Acrylic Pour [Online Live Workshop - Inclusive of Materials],April 18 | 11AM, , ,60 min,Paytm Insider, ,https://insider.in/mindfulness-with-acrylic-pour-online-live-workshop-inclusive-of-materials-apr18-2021/event, , , ,1800 onwards
Odisha Pattachitra Workshop,April 20 | 4PM - April 21 | 5PM, , ,60 min,Paytm Insider, ,https://insider.in/odisha-pattachitra-workshop-apr20-2021/event, , , ,1800
The paradigm shift to Natural UI - Human Machine Interaction in the age of AI,April 20 | 8PM, , ,60 min,Paytm Insider, ,https://insider.in/the-paradigm-shift-to-natural-ui-human-machine-interaction-in-the-age-of-ai-apr20-2021/event, , , ,Free
String Art [Online Live Workshop - Material Kit Available],April 24 | 3PM, , ,60 min,Paytm Insider, ,https://insider.in/string-art-online-live-workshop-material-kit-available-apr24-2021/event, , , ,900 onwards
Wood Distressing  [Online Live Workshop - Material Kit Available],April 24 | 5:30PM, , ,60 min,Paytm Insider, ,https://insider.in/wood-distressing-online-live-workshop-material-kit-available-apr24-2021/event, , , ,2000 onwards
Online : Microgreen growing workshop,April 25 | 3PM, , ,60 min,Paytm Insider, ,https://insider.in/online-workshop-microgreen-growing-mar28-2020/event, , , ,550
JATIN CHONKAR'S 4 DAYS WORKSHOP,May 5 | 8:32PM - May 11 | 11:32PM, , ,60 min,Paytm Insider, ,https://insider.in/jatin-chonkars-4-days-workshop-may5-2021/event, , , ,250
Austria Largest Recruiting and Branding Virtual Jobs Fair,May 6 | 4:30PM, , ,60 min,Paytm Insider, ,https://insider.in/austria-largest-recruiting-and-branding-virtual-jobs-fair-may6-2021/event, , , ,Free
Netherland Growing Recruiting and Branding Virtual Jobs Fair,September 2 | 6:30PM - September 3 | 12:30AM, , ,60 min,Paytm Insider, ,https://insider.in/netherland-growing-recruiting-and-branding-virtual-jobs-fair-may20-2021/event, , , ,Free
 Swatantra Theatre's Online Children Theatre WorkShop ,October 1 | 4PM - July 27 | 5PM, , ,60 min,Paytm Insider, ,https://insider.in/-swatantra-theatres-online-children-theatre-workshop--oct1-2020/event, , , ,12000
Master The Best You,Everyday, , ,60 min,Paytm Insider, ,https://insider.in/master-the-best-you-jan1-2021/event, , , ,3999
Introduction to Found Poetry- A One Page Spotlight Workshop,January 15 | 9:17PM - January 17 | 1:17AM, , ,60 min,Paytm Insider, ,https://insider.in/introduction-to-found-poetry-a-one-page-spotlight-workshop-jan15-2021/event, , , ,699
Smart Beta ETFs with Chintan Haria,Video on Demand, , ,60 min,Paytm Insider, ,https://insider.in/smart-beta-etfs-with-chintan-haria/event, , , ,99
International ETFs with Pratik Oswal,Video on Demand, , ,60 min,Paytm Insider, ,https://insider.in/international-etfs-with-pratik-oswal/event, , , ,99
Building a portfolio using ETFs with Nitin Mathur,Video on Demand, , ,60 min,Paytm Insider, ,https://insider.in/building-a-portfolio-using-etfs-with-nitin-mathur/event, , , ,99
Market Plus ,February 2 | 1:29AM - June 1 | 1:34AM, , ,60 min,Paytm Insider, ,https://insider.in/market-plus--feb2-2021/event, , , ,19999
iCreate Idea Accelerator - Batch 6,March 30 | 10AM - April 13 | 5PM, , ,60 min,Paytm Insider, ,https://insider.in/icreate-idea-accelerator-batch-6-mar30-2021/event, , , ,5000
Providing Cost Effective Custom Market Research Reports To Help Businesses...,April 9 | 12PM, , ,60 min,Paytm Insider, ,https://insider.in/providing-cost-effective-custom-market-research-reports-to-help-businesses-get-a-competitive-edge-apr9-2021/event, , , ,Free
Coffee Painting Workshop by Rajasthan Studio,April 9 | 3PM, , ,60 min,Paytm Insider, ,https://insider.in/coffee-painting-workshop-by-rajasthan-studio-apr9-2021/event, , , ,499
ONLINE TANJORE WORKSHOP WITH SANJAY TANDEKAR ,April 9 | 8PM, , ,60 min,Paytm Insider, ,https://insider.in/online-tanjore-workshop-with-sanjay-tandekar--apr9-2021/event, , , ,6750
ONLINE LIPPAN KAAM WORKSHOP BY NALEMITHA (WITH MATERIALS,April 10 | 10:30AM, , ,60 min,Paytm Insider, ,https://insider.in/online-lippan-kaam-workshop-by-nalemitha-with-materials-apr10-2021/event, , , ,3000
Providing Cost Effective Custom Market Research Reports To Help Businesses...,April 10 | 12PM, , ,60 min,Paytm Insider, ,https://insider.in/providing-cost-effective-custom-market-research-reports-to-help-businesses-get-a-competitive-edge-apr10-2021/event, , , ,Free
Google Analytics 4 QnA Session,April 10 | 2PM, , ,60 min,Paytm Insider, ,https://insider.in/kothapally-arun-kumar-apr10-2021/event, , , ,Free
Tribal Mask Making Workshop by Rajasthan Studio,April 10 | 3PM, , ,60 min,Paytm Insider, ,https://insider.in/tribal-mask-making-workshop-by-rajasthan-studio-apr10-2021/event, , , ,499
Phad Painting [4-Day Online Live Masterclass],April 10 | 3PM, , ,60 min,Paytm Insider, ,https://insider.in/phad-painting-4day-online-live-masterclass-apr10-2021/event, , , ,3500 onwards
Eggless Royal Icing Cookies,April 10 | 4PM, , ,60 min,Paytm Insider, ,https://insider.in/eggless-royal-icing-cookies-apr10-2021/event, , , ,1200
Brush Calligraphy Workshop ,April 11 | 1:35PM, , ,60 min,Paytm Insider, ,https://insider.in/brush-calligraphy-workshop--apr11-2021/event, , , ,500
ONLINE MADHUBANI ART WORKSHOP BY PRITI KARN,April 11 | 2PM, , ,60 min,Paytm Insider, ,https://insider.in/online-madhubani-art-workshop-by-priti-karn-apr11-2021/event, , , ,750
Virtual B2B Product Selling Seminar - Virtual Product Expo - Online Sellin...,April 12 | 12PM, , ,60 min,Paytm Insider, ,https://insider.in/virtual-b2b-product-selling-seminar-virtual-product-expo-online-selling-conclave-apr12-2021/event, , , ,Free
Get A Cost Effective Custom Market Research Report For Your Business From ...,April 12 | 12PM, , ,60 min,Paytm Insider, ,https://insider.in/get-a-cost-effective-custom-market-research-report-for-your-business-from-freleto-apr12-2021/event, , , ,Free
ONLINE BHIL WORKSHOP BY SUBHASH BHIL,April 12 | 5PM, , ,60 min,Paytm Insider, ,https://insider.in/online-bhil-workshop-by-subhash-bhil-apr12-2021/event, , , ,500
Get A Cost Effective Custom Market Research Report For Your Business From ...,April 13 | 12PM, , ,60 min,Paytm Insider, ,https://insider.in/get-a-cost-effective-custom-market-research-report-for-your-business-from-freleto-apr13-2021/event, , , ,Free
Charcoal Art Workshop by Rajasthan Studio,April 13 | 3PM, , ,60 min,Paytm Insider, ,https://insider.in/charcoal-art-workshop-by-rajasthan-studio-apr13-2021/event, , , ,499
ONLINE BENGAL PATTACHITRA MASTERCLASS WITH MANORANJAN CHITRAKAR,April 13 | 5PM, , ,60 min,Paytm Insider, ,https://insider.in/online-bengal-pattachitra-masterclass-with-manoranjan-chitrakar-apr13-2021/event, , , ,3000
Mandalas By The Curious Minds Workshop by Rajasthan Studio ,April 14 | 3PM, , ,60 min,Paytm Insider, ,https://insider.in/mandalas-by-the-curious-minds-workshop-by-rajasthan-studio--apr14-2021/event, , , ,499
Abstract Fluid Art Workshop by Rajasthan Studio ,April 14 | 5PM, , ,60 min,Paytm Insider, ,https://insider.in/abstract-fluid-art-workshop-by-rajasthan-studio--apr14-2021/event, , , ,499
FDI - Navigating the Legal Framework,April 14 | 5:30PM, , ,60 min,Paytm Insider, ,https://insider.in/fdi-navigating-the-legal-framework-apr14-2021/event, , , ,900
Product Teams Are Learning Communities,April 14 | 8PM, , ,60 min,Paytm Insider, ,https://insider.in/product-teams-are-learning-communities-apr14-2021/event, , , ,Free
Macrame Wall Hanging Workshop by Rajasthan Studio ,April 15 | 3PM, , ,60 min,Paytm Insider, ,https://insider.in/macrame-wall-hanging-workshop-by-rajasthan-studio--apr15-2021/event, , , ,499
Water Colour (Trees),April 15 | 4PM - April 16 | 5PM, , ,60 min,Paytm Insider, ,https://insider.in/water-colour-trees-apr15-2021/event, , , ,3300
Mandala Art Workshop by Rajasthan Studio,April 16 | 3PM, , ,60 min,Paytm Insider, ,https://insider.in/mandala-art-workshop-by-rajasthan-studio-apr16-2021/event, , , ,499
Morning View with Gouache Workshop by Rajasthan Studio ,April 16 | 5PM, , ,60 min,Paytm Insider, ,https://insider.in/morning-view-with-gouache-workshop-by-rajasthan-studio--apr16-2021/event, , , ,499
ONLINE SANJHI WORKSHOP WITH ASHUTOSH (WITH MATERIALS),April 17 | 10:30AM, , ,60 min,Paytm Insider, ,https://insider.in/online-sanjhi-workshop-with-ashutosh-with-materials-apr17-2021/event, , , ,3000
Earthen Routes,April 17 | 11AM, , ,60 min,Paytm Insider, ,https://insider.in/organic-kitchen-gardening-and-kitchen-waste-composting-apr17-2021/event, , , ,1430
Leather Batik,April 17 | 11AM - April 18 | 12PM, , ,60 min,Paytm Insider, ,https://insider.in/leather-batik-apr17-2021/event, , , ,4000
Story-Wise (Storytelling),April 17 | 12PM - April 25 | 1PM, , ,60 min,Paytm Insider, ,https://insider.in/storywise-storytelling-apr17-2021/event, , , ,2000
Professional Scrum Product Owner (PSPO-I),April 17 | 1:30PM - April 18 | 10:00PM, , ,60 min,Paytm Insider, ,https://insider.in/professional-scrum-product-owner-pspoi-apr10-2021/event, , , ,28320 onwards
17th April - Alcohol Ink workshop with kit  (Pan India),April 17 | 3PM, , ,60 min,Paytm Insider, ,https://insider.in/17th-april-alcohol-ink-workshop-with-kit-pan-india-apr17-2021/event, , , ,2800
Watercolour Techniques and Motifs Workshop by Rajasthan Studio,April 17 | 3PM, , ,60 min,Paytm Insider, ,https://insider.in/watercolour-techniques-and-motifs-workshop-by-rajasthan-studio-apr17-2021/event, , , ,499
ONLINE USTA KAAM WORKSHOP WITH JAVED HASSAN,April 17 | 4PM, , ,60 min,Paytm Insider, ,https://insider.in/online-usta-kaam-workshop-with-javed-hassan-apr17-2021/event, , , ,3000
Emotional Intelligence - The Brain Hack,April 3 | 4PM - April 18 | 6PM, , ,60 min,Paytm Insider, ,https://insider.in/emotional-intelligence-the-brain-hack-apr3-2021/event, , , ,999 onwards
Warli Lettering Workshop by Rajasthan Studio ,April 17 | 5PM, , ,60 min,Paytm Insider, ,https://insider.in/warli-lettering-workshop-by-rajasthan-studio--apr17-2021/event, , , ,499
Emotional Intelligence - The Mind Hack,March 20 | 4PM - April 18 | 8PM, , ,60 min,Paytm Insider, ,https://insider.in/emotional-intelligence-the-mind-hack-mar20-2021/event, , , ,1499 onwards
ONLINE TERRACOTTA WORKSHOP WITH DINESH MOLELA,April 18 | 10:30AM, , ,60 min,Paytm Insider, ,https://insider.in/online-terracotta-workshop-with-dinesh-molela-apr18-2021/event, , , ,1500
PharmaNEST 21,April 18 | 11:41AM, , ,60 min,Paytm Insider, ,https://insider.in/pharmanest-21-apr18-2021/event, , , ,150 onwards
How To Dress For Success,April 18 | 12PM, , ,60 min,Paytm Insider, ,https://insider.in/how-to-dress-for-success-apr18-2021/event, , , ,199
History Comes Alive - Online Workshop,April 18 | 1:30PM, , ,60 min,Paytm Insider, ,https://insider.in/history-comes-alive-online-workshop-apr18-2021/event, , , ,600
Virtual Summer Camp (2.5 - 10 years) ,April 19 | 10AM - May 14 | 12PM, , ,60 min,Paytm Insider, ,https://insider.in/virtual-summer-camp-25-10-years--apr19-2021/event, , , ,4450
ONLINE GOND FOUNDATIONS WORKSHOP WITH VENKAT SHYAM,April 20 | 5PM, , ,60 min,Paytm Insider, ,https://insider.in/online-gond-foundations-workshop-with-venkat-shyam-apr20-2021/event, , , ,3000
Book Binding,April 22 | 11AM - April 23 | 12PM, , ,60 min,Paytm Insider, ,https://insider.in/book-binding-apr22-2021/event, , , ,3300
Calligraphy Workshop,April 23 | 4PM - April 25 | 5PM, , ,60 min,Paytm Insider, ,https://insider.in/calligraphy-workshop-apr23-2021/event, , , ,3300
ONLINE SIKKI WEAVING WORKSHOP WITH NAZDA KHATOON,April 24 | 10:30AM, , ,60 min,Paytm Insider, ,https://insider.in/online-sikki-weaving-workshop-with-nazda-khatoon-apr24-2021/event, , , ,1500
Every Object Tells A Story - An Online Storytelling Workshop,April 24 | 11AM, , ,60 min,Paytm Insider, ,https://insider.in/every-object-tells-a-story-an-online-storytelling-workshop-apr24-2021/event, , , ,570
ONLINE THOLU BOMMALATA WORKSHOP WITH KANDAY ANJANAPP,April 24 | 4PM, , ,60 min,Paytm Insider, ,https://insider.in/online-tholu-bommalata-workshop-with-kanday-anjanapp-apr24-2021/event, , , ,1250
ONLINE SAURA PAINTING WORKSHOP BY APINDRA SWAIN,April 25 | 4PM, , ,60 min,Paytm Insider, ,https://insider.in/online-saura-painting-workshop-by-apindra-swain-apr25-2021/event, , , ,750
Madhubani Figures Workshop,April 27 | 4PM - April 28 | 5PM, , ,60 min,Paytm Insider, ,https://insider.in/madhubani-figures-workshop-apr27-2021/event, , , ,1800
Urban Sketching [4-Day Online Live Masterclass],April 27 | 5PM, , ,60 min,Paytm Insider, ,https://insider.in/urban-sketching-4day-online-live-masterclass-apr27-2021/event, , , ,3250 onwards
ONLINE KALAMKARI PAINTING WORKSHOP WITH SUDHEER,April 27 | 6PM, , ,60 min,Paytm Insider, ,https://insider.in/online-kalamkari-painting-workshop-with-sudheer-apr27-2021/event, , , ,4999
From the Front: Product Management Lessons from Military Leadership,April 28 | 8PM, , ,60 min,Paytm Insider, ,https://insider.in/from-the-front-product-management-lessons-from-military-leadership-apr28-2021/event, , , ,Free
One Stroke Painting on Watchbox [Online Live Workshop - Inclusive of Mater...,May 1 | 3PM, , ,60 min,Paytm Insider, ,https://insider.in/one-stroke-painting-on-watchbox-online-live-workshop-inclusive-of-materials-apr3-2021/event, , , ,2500 onwards
Art of Creating Stories & Folktales - An Online Workshop,May 1 | 6:30PM - May 13 | 8:00PM, , ,60 min,Paytm Insider, ,https://insider.in/art-of-creating-stories-folktales-an-online-workshop-feb8-2021/event, , , ,4000
Social Media for Arts,May 3 | 2PM - May 4 | 4PM, , ,60 min,Paytm Insider, ,https://insider.in/social-media-for-arts-may3-2021/event, , , ,499
Illustrative Human Figure Drawing [3 Days Online Live Masterclass],May 7 | 3PM, , ,60 min,Paytm Insider, ,https://insider.in/illustrative-human-figure-drawing-3-days-online-live-masterclass-apr2-2021/event, , , ,1700 onwards
Finding Solutions for MS (Multiple Sclerosis) Nature's Way,May 8 | 7PM, , ,60 min,Paytm Insider, ,https://insider.in/finding-solutions-for-ms-multiple-sclerosis-natures-way-may8-2021/event, , , ,350
